{
  "Profiles": [
    {
      "Use Non-ASCII Font" : false,
      "Tags" : [

      ],
      "Ansi 12 Color" : {
        "Red Component" : 0.44999999999999996,
        "Color Space" : "sRGB",
        "Blue Component" : 0.75,
        "Alpha Component" : 1,
        "Green Component" : 0.65498243344973184
      },
      "Ansi 7 Color" : {
        "Red Component" : 0.93333333730697632,
        "Color Space" : "sRGB",
        "Blue Component" : 0.83529412746429443,
        "Alpha Component" : 1,
        "Green Component" : 0.90980392694473267
      },
      "Ansi 8 Color" : {
        "Red Component" : 0.47563695907592773,
        "Color Space" : "sRGB",
        "Blue Component" : 0.47563695907592773,
        "Alpha Component" : 1,
        "Green Component" : 0.47563695907592773
      },
      "Bold Color" : {
        "Red Component" : 0.98431372549019602,
        "Color Space" : "sRGB",
        "Blue Component" : 0.8901960784313725,
        "Alpha Component" : 1,
        "Green Component" : 0.96078431372549022
      },
      "Ansi 9 Color" : {
        "Red Component" : 0.80029493570327759,
        "Color Space" : "sRGB",
        "Blue Component" : 0.28106319904327393,
        "Alpha Component" : 1,
        "Green Component" : 0.28977617621421814
      },
      "Ansi 3 Color" : {
        "Red Component" : 0.84313726425170898,
        "Color Space" : "sRGB",
        "Blue Component" : 0.12549020349979401,
        "Alpha Component" : 1,
        "Green Component" : 0.60000002384185791
      },
      "Right Option Key Sends" : 0,
      "Rows" : 30,
      "Default Bookmark" : "No",
      "Cursor Guide Color" : {
        "Red Component" : 0.70213186740875244,
        "Color Space" : "sRGB",
        "Blue Component" : 1,
        "Alpha Component" : 0.25,
        "Green Component" : 0.9268307089805603
      },
      "Non-ASCII Anti Aliased" : true,
      "Use Bright Bold" : true,
      "Ansi 10 Color" : {
        "Red Component" : 0.59277009963989258,
        "Color Space" : "sRGB",
        "Blue Component" : 0.10117895156145096,
        "Alpha Component" : 1,
        "Green Component" : 0.60079604387283325
      },
      "Ambiguous Double Width" : false,
      "Jobs to Ignore" : [
        "rlogin",
        "ssh",
        "slogin",
        "telnet"
      ],
      "Ansi 15 Color" : {
        "Red Component" : 0.99215686274509807,
        "Color Space" : "sRGB",
        "Blue Component" : 0.8901960784313725,
        "Green Component" : 0.96470588235294119
      },
      "Foreground Color" : {
        "Red Component" : 0.9843137264251709,
        "Color Space" : "sRGB",
        "Blue Component" : 0.89019608497619629,
        "Alpha Component" : 1,
        "Green Component" : 0.96078431606292725
      },
      "Working Directory" : "\/Users\/Ryan",
      "Use Tab Color" : false,
      "Blinking Cursor" : false,
      "Disable Window Resizing" : true,
      "Sync Title" : false,
      "Prompt Before Closing 2" : false,
      "BM Growl" : true,
      "Command" : "",
      "Description" : "Default",
      "Mouse Reporting" : true,
      "Screen" : -1,
      "Selection Color" : {
        "Red Component" : 0.47563695907592773,
        "Color Space" : "sRGB",
        "Blue Component" : 0.47563695907592773,
        "Alpha Component" : 1,
        "Green Component" : 0.47563695907592773
      },
      "Only The Default BG Color Uses Transparency" : true,
      "Columns" : 96,
      "Idle Code" : 0,
      "Ansi 13 Color" : {
        "Red Component" : 0.71537887076809015,
        "Color Space" : "sRGB",
        "Blue Component" : 0.75,
        "Alpha Component" : 1,
        "Green Component" : 0.44999999999999996
      },
      "Custom Command" : "No",
      "ASCII Anti Aliased" : true,
      "Non Ascii Font" : "Monaco 12",
      "Vertical Spacing" : 1.056617093373494,
      "Use Bold Font" : true,
      "Option Key Sends" : 0,
      "Selected Text Color" : {
        "Red Component" : 0.14651018381118774,
        "Color Space" : "sRGB",
        "Blue Component" : 0.14651018381118774,
        "Alpha Component" : 1,
        "Green Component" : 0.14651018381118774
      },
      "Background Color" : {
        "Red Component" : 0.056552678346633911,
        "Color Space" : "sRGB",
        "Blue Component" : 0.056552678346633911,
        "Alpha Component" : 1,
        "Green Component" : 0.056552678346633911
      },
      "Character Encoding" : 4,
      "Ansi 11 Color" : {
        "Red Component" : 0.88,
        "Color Space" : "sRGB",
        "Blue Component" : 0.27653039383561645,
        "Alpha Component" : 1,
        "Green Component" : 0.74383452308121201
      },
      "Thin Strokes" : 4,
      "Use Italic Font" : true,
      "Unlimited Scrollback" : false,
      "Window Type" : 0,
      "Blur Radius" : 14.685973191624365,
      "Cursor Type" : 1,
      "Background Image Location" : "",
      "Blur" : true,
      "Badge Color" : {
        "Red Component" : 1,
        "Color Space" : "sRGB",
        "Blue Component" : 0,
        "Alpha Component" : 0.5,
        "Green Component" : 0.1491314172744751
      },
      "Cursor Boost" : 0,
      "Scrollback Lines" : 1000,
      "Send Code When Idle" : false,
      "Close Sessions On End" : true,
      "Terminal Type" : "xterm-256color",
      "Visual Bell" : true,
      "Flashing Bell" : false,
      "Silence Bell" : false,
      "Unicode Normalization" : 0,
      "Use Underline Color" : false,
      "Ansi 14 Color" : {
        "Red Component" : 0.44999999999999996,
        "Color Space" : "sRGB",
        "Blue Component" : 0.65342004441108403,
        "Alpha Component" : 1,
        "Green Component" : 0.75
      },
      "Name" : "Custom",
      "Cursor Text Color" : {
        "Red Component" : 0.14651018381118774,
        "Color Space" : "sRGB",
        "Blue Component" : 0.14651018381118774,
        "Alpha Component" : 1,
        "Green Component" : 0.14651018381118774
      },
      "Open Toolbelt" : false,
      "Shortcut" : "",
      "Minimum Contrast" : 0,
      "Cursor Color" : {
        "Red Component" : 0.9843137264251709,
        "Color Space" : "sRGB",
        "Blue Component" : 0.89019608497619629,
        "Alpha Component" : 1,
        "Green Component" : 0.96078431606292725
      },
      "Ansi 0 Color" : {
        "Red Component" : 0.10369744151830673,
        "Color Space" : "sRGB",
        "Blue Component" : 0.10369744151830673,
        "Alpha Component" : 1,
        "Green Component" : 0.10369744151830673
      },
      "Guid" : "512E8DA7-2AAC-4AF4-BC60-5F451DB5F6B5",
      "Horizontal Spacing" : 1,
      "Custom Directory" : "No",
      "Ansi 4 Color" : {
        "Red Component" : 0.27058823529411763,
        "Color Space" : "sRGB",
        "Blue Component" : 0.52941176470588236,
        "Alpha Component" : 1,
        "Green Component" : 0.51764705882352935
      },
      "Ansi 5 Color" : {
        "Red Component" : 0.54681845481241176,
        "Color Space" : "sRGB",
        "Blue Component" : 0.64615263514322774,
        "Alpha Component" : 1,
        "Green Component" : 0.50083049658941647
      },
      "Ansi 6 Color" : {
        "Red Component" : 0.18923170416720456,
        "Color Space" : "sRGB",
        "Blue Component" : 0.49940561783338044,
        "Alpha Component" : 1,
        "Green Component" : 0.64790725218106615
      },
      "Transparency" : 0.067564244923857861,
      "Normal Font" : "MenloForPowerline-Regular 13",
      "Ansi 1 Color" : {
        "Red Component" : 0.80000001192092896,
        "Color Space" : "sRGB",
        "Blue Component" : 0.2800000011920929,
        "Alpha Component" : 1,
        "Green Component" : 0.28866666555404663
      },
      "Ansi 2 Color" : {
        "Red Component" : 0.59215688705444336,
        "Color Space" : "sRGB",
        "Blue Component" : 0.10196078568696976,
        "Alpha Component" : 1,
        "Green Component" : 0.60184287126750158
      },
      "Link Color" : {
        "Red Component" : 0,
        "Color Space" : "sRGB",